gvkey,iid,gvkeyx,from,thru,conm,indextype,tic,spii,spmi,indexcat,co_conm,co_tic,co_cusip,co_cik,co_sic,co_naics
001602,01,000208,1995-01-01,,Nasdaq 100,LGCAP,I0028,,,EXCHG,AMGEN INC,AMGN,031162100,0000318154,2836,325414
001690,01,000208,1995-01-01,,Nasdaq 100,LGCAP,I0028,,,EXCHG,APPLE INC,AAPL,037833100,0000320193,3663,334220
001704,01,000208,1995-01-01,,Nasdaq 100,LGCAP,I0028,,,EXCHG,APPLIED MATERIALS INC,AMAT,038222105,0000006951,3559,333242
006008,01,000208,1995-01-01,,Nasdaq 100,LGCAP,I0028,,,EXCHG,INTEL CORP,INTC,458140100,0000050863,3674,334413
008253,01,000208,1995-01-01,,Nasdaq 100,LGCAP,I0028,,,EXCHG,PACCAR INC,PCAR,693718108,0000075362,3711,336120
008402,01,000208,1995-01-01,,Nasdaq 100,LGCAP,I0028,,,EXCHG,PAYCHEX INC,PAYX,704326107,0000723531,8721,541214
012141,01,000208,1995-01-01,,Nasdaq 100,LGCAP,I0028,,,EXCHG,MICROSOFT CORP,MSFT,594918104,0000789019,7372,513210
012540,01,000208,1995-01-01,,Nasdaq 100,LGCAP,I0028,,,EXCHG,ADOBE INC,ADBE,00724F101,0000796343,7370,518210
020779,01,000208,1995-01-01,,Nasdaq 100,LGCAP,I0028,,,EXCHG,CISCO SYSTEMS INC,CSCO,17275R102,0000858877,3576,334118
024800,01,000208,1995-01-01,,Nasdaq 100,LGCAP,I0028,,,EXCHG,QUALCOMM INC,QCOM,747525103,0000804328,3674,334413
029028,01,000208,1995-01-01,,Nasdaq 100,LGCAP,I0028,,,EXCHG,COSTCO WHOLESALE CORP,COST,22160K105,0000909832,5399,455211
009699,01,000208,1995-01-01,2000-12-17,Nasdaq 100,LGCAP,I0028,,,EXCHG,SIGMA-ALDRICH CORP,SIAL,826552101,0000090185,2833,325411
012126,01,000208,1995-01-01,2000-12-17,Nasdaq 100,LGCAP,I0028,,,EXCHG,PACIFICARE HEALTH SYSTEMS,PHS,695112102,0001027974,6324,621491
012256,01,000208,1995-01-01,2000-12-17,Nasdaq 100,LGCAP,I0028,,,EXCHG,STEEL EXCEL INC,SXCL,858122203,0000709804,1389,213112
014565,01,000208,1995-01-01,2000-12-17,Nasdaq 100,LGCAP,I0028,,,EXCHG,AMERICAN POWER CONVERSION CP,APCC.,029066107,0000835910,3620,335999
014650,01,000208,1995-01-01,2001-03-12,Nasdaq 100,LGCAP,I0028,,,EXCHG,BMC SOFTWARE INC,BMC,055921100,0000835729,7372,511210
010553,01,000208,1995-01-01,2001-12-23,Nasdaq 100,LGCAP,I0028,,,EXCHG,3COM CORP,COMS.,885535104,0000738076,3576,334119
011910,01,000208,1995-01-01,2001-12-23,Nasdaq 100,LGCAP,I0028,,,EXCHG,NOVELL INC,NOVL,670006105,0000758004,7370,541519
018699,01,000208,1995-01-01,2001-12-23,Nasdaq 100,LGCAP,I0028,,,EXCHG,PTC INC,PTC,69370C100,0000857005,7372,513210
001164,01,000208,1995-01-01,2002-07-23,Nasdaq 100,LGCAP,I0028,,,EXCHG,MCI INC,MCIP,98157D106,0000723527,4813,517110
003226,02,000208,1995-01-01,2002-11-18,Nasdaq 100,LGCAP,I0028,,,EXCHG,COMCAST CORP,CMCSA,20030N200,0001166691,4841,516210
023767,01,000208,1995-01-01,2002-12-22,Nasdaq 100,LGCAP,I0028,,,EXCHG,ATMEL CORP,ATML,049513104,0000872448,3674,334413
002226,01,000208,1995-01-01,2003-11-12,Nasdaq 100,LGCAP,I0028,,,EXCHG,BIOGEN INC-OLD,BGEN,090597105,0000714655,2836,325414
001013,01,000208,1995-01-01,2003-12-21,Nasdaq 100,LGCAP,I0028,,,EXCHG,ADC TELECOMMUNICATIONS INC,ADCT.1,000886309,0000061478,3661,334210
026011,01,000208,1995-01-01,2004-12-19,Nasdaq 100,LGCAP,I0028,,,EXCHG,COMPUWARE CORP,CPWR.1,205638109,0000859014,7372,511210
024870,01,000208,1995-01-01,2005-08-14,Nasdaq 100,LGCAP,I0028,,,EXCHG,NEXTEL COMMUNICATIONS INC,NXTL,65332V103,0000824169,4812,517212
007506,01,000208,1995-01-01,2005-12-20,Nasdaq 100,LGCAP,I0028,,,EXCHG,MOLEX INC,MOLX,608554101,0000067472,3678,334417
003011,01,000208,1995-01-01,2006-04-20,Nasdaq 100,LGCAP,I0028,,,EXCHG,CHIRON CORP,CHIR.1,170040109,0000706539,2834,325412
002230,01,000208,1995-01-01,2007-07-17,Nasdaq 100,LGCAP,I0028,,,EXCHG,BIOMET INC,5938B,090613100,0000351346,3842,339113
010420,01,000208,1995-01-01,2008-05-19,Nasdaq 100,LGCAP,I0028,,,EXCHG,TELLABS INC,TLAB,879664100,0000317771,3661,334210
012136,01,000208,1995-01-01,2009-07-16,Nasdaq 100,LGCAP,I0028,,,EXCHG,SUN MICROSYSTEMS INC,JAVA.1,866810203,0000709519,3571,334111
003062,01,000208,1995-01-01,2010-12-19,Nasdaq 100,LGCAP,I0028,,,EXCHG,CINTAS CORP,CTAS,172908105,0000723254,7200,812331
012233,01,000208,1995-01-01,2011-04-03,Nasdaq 100,LGCAP,I0028,,,EXCHG,GENZYME CORP,GENZ,372917104,0000732485,2836,325414
016721,01,000208,1995-01-01,2012-12-27,Nasdaq 100,LGCAP,I0028,,,EXCHG,ELECTRONIC ARTS INC,EA,285512109,0000712515,7372,513210
012142,01,000208,1995-01-01,2013-07-14,Nasdaq 100,LGCAP,I0028,,,EXCHG,ORACLE CORP,ORCL,68389X105,0001341439,7370,519290
014489,01,000208,1995-01-01,2013-10-29,Nasdaq 100,LGCAP,I0028,,,EXCHG,DELL TECHNOLOGIES INC,DELL,24702R101,0001571996,3571,334111
015521,01,000208,1995-01-01,2015-12-20,Nasdaq 100,LGCAP,I0028,,,EXCHG,STAPLES INC,SPLS,855030102,0000791519,5110,424120
012216,01,000208,1995-01-01,2016-10-18,Nasdaq 100,LGCAP,I0028,,,EXCHG,LINEAR TECHNOLOGY CORP,LLTC,535678106,0000791907,3674,334413
022325,01,000208,1995-01-01,2022-02-15,Nasdaq 100,LGCAP,I0028,,,EXCHG,XILINX INC,XLNX,983919101,0000743988,3674,334413
006304,01,000208,1995-02-27,2016-02-25,Nasdaq 100,LGCAP,I0028,,,EXCHG,KLA CORP,KLAC,482480100,0000319201,3827,333314
014324,01,000208,1995-07-19,2015-10-06,Nasdaq 100,LGCAP,I0028,,,EXCHG,ALTERA CORP,ALTR.1,021441100,0000768251,3674,334413
007672,01,000208,1995-08-18,2000-12-17,Nasdaq 100,LGCAP,I0028,,,EXCHG,NORTHWEST AIRLINES CORP,NWA,667280101,0001058033,4512,481111
025944,01,000208,1995-12-18,2004-12-28,Nasdaq 100,LGCAP,I0028,,,EXCHG,PEOPLESOFT INC,PSFT.,712713106,0000875570,7372,511210
014256,01,000208,1995-12-18,2007-10-02,Nasdaq 100,LGCAP,I0028,,,EXCHG,MAXIM INTEGRATED PRODUCTS,MXIM,57772K101,0000743316,3674,334413
025434,01,000208,1996-11-25,,Nasdaq 100,LGCAP,I0028,,,EXCHG,STARBUCKS CORP,SBUX,855244109,0000829224,5812,722513
024975,01,000208,1996-12-23,2000-12-17,Nasdaq 100,LGCAP,I0028,,,EXCHG,SYNOPSYS INC,SNPS,871607107,0000883241,7372,511210
025783,01,000208,1996-12-23,2000-12-17,Nasdaq 100,LGCAP,I0028,,,EXCHG,MCAFEE INC,MFE,579064106,0000890801,7372,511210
030095,01,000208,1996-12-23,2000-12-17,Nasdaq 100,LGCAP,I0028,,,EXCHG,QUINTILES TRANSNATIONAL CORP,0573B,748767100,0000919623,8731,541710
003373,01,000208,1996-12-23,2002-11-06,Nasdaq 100,LGCAP,I0028,,,EXCHG,CONCORD EFS INC,CE.2,206197105,0000740112,6099,522320
025338,01,000208,1996-12-23,2016-12-18,Nasdaq 100,LGCAP,I0028,,,EXCHG,BED BATH & BEYOND INC,BBBYQ,075896100,0000886158,5700,449129
012635,01,000208,1996-12-23,2023-06-06,Nasdaq 100,LGCAP,I0028,,,EXCHG,FISERV INC,FI,337738108,0000798354,7389,522320
027965,01,000208,1997-06-04,2013-12-29,Nasdaq 100,LGCAP,I0028,,,EXCHG,MICROCHIP TECHNOLOGY INC,MCHP,595017104,0000827054,3674,334413
007401,01,000208,1997-06-12,2000-12-17,Nasdaq 100,LGCAP,I0028,,,EXCHG,MILLERKNOLL INC,MLKN,600544100,0000066382,2520,3372
006242,03,000208,1997-07-24,2005-12-20,Nasdaq 100,LGCAP,I0028,,,EXCHG,SMURFIT-STONE CONTAINER CORP,SSCC.,832727101,0000094610,2631,322130
061340,01,000208,1997-10-15,2004-08-18,Nasdaq 100,LGCAP,I0028,,,EXCHG,PANAMSAT CORP,SPOT.1,697933109,0001037388,4899,517410
031122,01,000208,1998-01-07,2000-12-17,Nasdaq 100,LGCAP,I0028,,,EXCHG,APOLLO EDUCATION GROUP INC,APOL,037604105,0000929887,8200,611310
005885,01,000208,1998-01-07,2002-07-14,Nasdaq 100,LGCAP,I0028,,,EXCHG,IMMUNEX CORP,IMNX,452528102,,2836,325414
004439,90,000208,1998-01-07,2003-12-21,Nasdaq 100,LGCAP,I0028,,,EXCHG,TELEFONAKTIEBOLAGET LM ERICS,ERIC,294821608,0000717826,3663,334220
061676,01,000208,1998-01-07,2020-12-18,Nasdaq 100,LGCAP,I0028,,,EXCHG,CITRIX SYSTEMS INC,CTXS,177376100,0000877890,7372,511210
013440,03,000208,1998-08-27,2001-12-23,Nasdaq 100,LGCAP,I0028,,,EXCHG,LEVEL 3 COMMUNICATIONS INC,LVLT,52729N308,0000794323,4813,517110
026061,01,000208,1998-09-15,2009-12-21,Nasdaq 100,LGCAP,I0028,,,EXCHG,MATCH GROUP INC,MTCH,57667L107,0000891103,7370,519290
062634,01,000208,1998-09-16,2017-06-16,Nasdaq 100,LGCAP,I0028,,,EXCHG,ALTABA INC,AABA,021346101,0001011006,7370,519130
027928,01,000208,1998-12-21,,Nasdaq 100,LGCAP,I0028,,,EXCHG,INTUIT INC,INTU,461202103,0000896878,7372,513210
064768,01,000208,1998-12-21,,Nasdaq 100,LGCAP,I0028,,,EXCHG,AMAZON.COM INC,AMZN,023135106,0001018724,5961,455219
024361,01,000208,1998-12-21,2000-10-26,Nasdaq 100,LGCAP,I0028,,,EXCHG,PTV INC,PTVI,69367F108,,4813,517110
031587,01,000208,1998-12-21,2000-12-17,Nasdaq 100,LGCAP,I0028,,,EXCHG,DOLLAR TREE INC,DLTR,256746108,0000935703,5331,455219
063023,01,000208,1998-12-21,2001-12-23,Nasdaq 100,LGCAP,I0028,,,EXCHG,MCLEODUSA INC  -CL A,MCLD.1,582266102,0000919943,4813,517110
024803,01,000208,1998-12-21,2002-12-22,Nasdaq 100,LGCAP,I0028,,,EXCHG,VITESSE SEMICONDUCTOR CORP,VTSS,928497304,0000880446,3674,334413
029356,01,000208,1998-12-21,2005-07-05,Nasdaq 100,LGCAP,I0028,,,EXCHG,VERITAS SOFTWARE CORP,VRTS.1,923436109,0001084408,7372,511210
028139,01,000208,1998-12-30,2005-12-20,Nasdaq 100,LGCAP,I0028,,,EXCHG,SANMINA CORP,SANM,801056102,0000897723,3672,334412
012884,01,000208,1999-01-13,2007-02-05,Nasdaq 100,LGCAP,I0028,,,EXCHG,COMVERSE TECHNOLOGY INC,CMVT,205862402,0000803014,7372,511210
065068,01,000208,1999-03-10,2001-10-03,Nasdaq 100,LGCAP,I0028,,,EXCHG,AT HOME CORP,3ATHMQ,045919107,0001020620,7370,514191
029621,01,000208,1999-03-18,2001-12-23,Nasdaq 100,LGCAP,I0028,,,EXCHG,STEEL CONNECT INC,STCN,858098205,0000914712,7389,561910
029241,01,000208,1999-05-05,2006-12-19,Nasdaq 100,LGCAP,I0028,,,EXCHG,VIAVI SOLUTIONS INC,VIAV,925550105,0000912093,3576,334210
063194,01,000208,1999-05-25,2001-12-23,Nasdaq 100,LGCAP,I0028,,,EXCHG,CNET NETWORKS INC,CNET.,12613R104,0001015577,7370,517110
062550,01,000208,1999-05-28,2000-10-29,Nasdaq 100,LGCAP,I0028,,,EXCHG,LYCOS INC,LCOS.,550818108,0001007992,7370,514191
014897,01,000208,1999-06-10,2000-09-06,Nasdaq 100,LGCAP,I0028,,,EXCHG,VISX INC/DE,EYE.1,92844S105,0000837991,3845,334510
063180,01,000208,1999-06-25,2006-02-07,Nasdaq 100,LGCAP,I0028,,,EXCHG,SIEBEL SYSTEMS INC,SEBL,826170102,0001006835,7372,511210
116526,01,000208,1999-07-14,2002-12-22,Nasdaq 100,LGCAP,I0028,,,EXCHG,CONEXANT SYSTEMS INC,CNXT.1,207142308,0001069353,3674,334413
064356,01,000208,1999-08-04,2003-12-21,Nasdaq 100,LGCAP,I0028,,,EXCHG,CIENA CORP,CIEN,171779309,0000936395,3661,334210
113491,01,000208,1999-09-09,2000-11-05,Nasdaq 100,LGCAP,I0028,,,EXCHG,GLOBAL CROSSING LTD,GLBC,G3921A100,0001061322,4813,517110
114524,01,000208,1999-10-06,2023-12-17,Nasdaq 100,LGCAP,I0028,,,EXCHG,EBAY INC,EBAY,278642103,0001065088,5961,455219
120178,01,000208,1999-10-27,2001-05-30,Nasdaq 100,LGCAP,I0028,,,EXCHG,VOICESTREAM WIRELESS CORP,VSTR.,928615103,,4812,513322
065899,01,000208,1999-11-22,2001-12-23,Nasdaq 100,LGCAP,I0028,,,EXCHG,REALNETWORKS INC,RNWK,75605L708,0001046327,7370,519130
065488,01,000208,1999-12-20,2000-06-08,Nasdaq 100,LGCAP,I0028,,,EXCHG,NETWORK SOLUTIONS INC,NSOL.,64121Q102,0001030341,7370,514191
060969,01,000208,1999-12-20,2000-12-17,Nasdaq 100,LGCAP,I0028,,,EXCHG,LEGATO SYSTEMS INC,LGTO.1,524651106,0000859360,7372,511210
031620,01,000208,1999-12-20,2001-02-12,Nasdaq 100,LGCAP,I0028,,,EXCHG,SDL INC,SDLI,784076101,0000934741,3674,334413
065489,01,000208,1999-12-20,2001-12-16,Nasdaq 100,LGCAP,I0028,,,EXCHG,XO HOLDINGS INC -CL A,3XOHO,983764101,0001111634,4813,517110
063099,01,000208,1999-12-20,2001-12-23,Nasdaq 100,LGCAP,I0028,,,EXCHG,BROADVISION INC,BVSN,111412706,0000920448,7370,5415
065706,01,000208,1999-12-20,2001-12-23,Nasdaq 100,LGCAP,I0028,,,EXCHG,ABOVENET INC,ABVT,591689104,0001043533,4899,517919
012484,01,000208,1999-12-20,2002-06-02,Nasdaq 100,LGCAP,I0028,,,EXCHG,ADELPHIA COMMUN  -CL A,ADELQ,006848105,0000796486,4841,517510
023943,01,000208,1999-12-20,2002-12-22,Nasdaq 100,LGCAP,I0028,,,EXCHG,PMC-SIERRA INC,PMCS,69344F106,0000767920,3674,334413
062712,01,000208,1999-12-20,2002-12-22,Nasdaq 100,LGCAP,I0028,,,EXCHG,I2 TECHNOLOGIES INC,ITWO,465754208,0001009304,7372,511210
065904,01,000208,1999-12-20,2002-12-22,Nasdaq 100,LGCAP,I0028,,,EXCHG,APPLIED MICRO CIRCUITS CORP,AMCC,03822W406,0000711065,3674,334413
064853,01,000208,1999-12-20,2003-12-21,Nasdaq 100,LGCAP,I0028,,,EXCHG,QORVO INC,QRVO,74736K101,0001604778,3674,334413
029791,01,000208,1999-12-20,2005-12-20,Nasdaq 100,LGCAP,I0028,,,EXCHG,QLOGIC CORP,QLGC,747277101,0000918386,3570,334118
024008,01,000208,1999-12-20,2007-06-04,Nasdaq 100,LGCAP,I0028,,,EXCHG,MEDIMMUNE INC,MEDI.1,584699102,0000873591,2836,325414
060900,01,000208,1999-12-20,2010-12-19,Nasdaq 100,LGCAP,I0028,,,EXCHG,DISH NETWORK CORP,DISH,25470M109,0001001082,4841,516210
061591,01,000208,1999-12-20,2016-12-18,Nasdaq 100,LGCAP,I0028,,,EXCHG,NETAPP INC,NTAP,64110D104,0001002047,3572,334112
062261,01,000208,1999-12-30,2002-12-15,Nasdaq 100,LGCAP,I0028,,,EXCHG,GEMSTAR-TV GUIDE INTL INC,GMST,36866W106,0000923282,4841,515210
066368,01,000208,2000-06-09,2012-12-27,Nasdaq 100,LGCAP,I0028,,,EXCHG,VERISIGN INC,VRSN,92343E102,0001014473,7370,519290
121718,01,000208,2000-09-07,2009-10-28,Nasdaq 100,LGCAP,I0028,,,EXCHG,JUNIPER NETWORKS INC,JNPR,48203R104,0001043604,3576,334118
121493,01,000208,2000-10-27,2001-12-23,Nasdaq 100,LGCAP,I0028,,,EXCHG,ARIBA INC,ARBA,04033V203,0001084755,7372,511210
066708,01,000208,2000-10-30,2015-11-10,Nasdaq 100,LGCAP,I0028,,,EXCHG,BROADCOM CORP,BRCM,111320107,0001054374,3674,334413
132502,01,000208,2000-11-06,2001-12-23,Nasdaq 100,LGCAP,I0028,,,EXCHG,PALM INC,PALM,696643105,0001100389,3571,334111
024468,01,000208,2000-12-18,,Nasdaq 100,LGCAP,I0028,,,EXCHG,BIOGEN INC,BIIB,09062X103,0000875045,2836,325414
106368,01,000208,2000-12-18,2001-10-04,Nasdaq 100,LGCAP,I0028,,,EXCHG,EXODUS COMMUNICATIONS INC,3EXDSQ,302088109,,7370,514191
111488,01,000208,2000-12-18,2001-12-23,Nasdaq 100,LGCAP,I0028,,,EXCHG,INKTOMI CORP,INKT.1,457277101,0001024302,7372,511210
011135,01,000208,2000-12-18,2002-12-22,Nasdaq 100,LGCAP,I0028,,,EXCHG,RATIONAL SOFTWARE CORP,RATL,75409P202,0000722056,7370,541519
112178,01,000208,2000-12-18,2002-12-22,Nasdaq 100,LGCAP,I0028,,,EXCHG,ABGENIX INC,ABGX,00339B107,0001052837,2836,325414
029312,01,000208,2000-12-18,2003-12-21,Nasdaq 100,LGCAP,I0028,,,EXCHG,HUMAN GENOME SCIENCES INC,HGSI,444903108,0000901219,2835,325413
064156,01,000208,2000-12-18,2003-12-21,Nasdaq 100,LGCAP,I0028,,,EXCHG,MONSTER WORLDWIDE INC,MWW,611742107,0001020416,7370,519130
062784,01,000208,2000-12-18,2005-12-20,Nasdaq 100,LGCAP,I0028,,,EXCHG,MILLENNIUM PHARMACEUTICALS,MLNM,599902103,0001002637,2835,325413
029095,01,000208,2000-12-18,2006-01-03,Nasdaq 100,LGCAP,I0028,,,EXCHG,MERCURY INTERACTIVE CORP,MERQ.1,589405109,0000867058,7372,511210
064606,01,000208,2000-12-18,2008-05-06,Nasdaq 100,LGCAP,I0028,,,EXCHG,BEA SYSTEMS INC,BEAS,073325102,0001031798,7372,511210
030170,01,000208,2000-12-18,2012-12-27,Nasdaq 100,LGCAP,I0028,,,EXCHG,FLEX LTD,FLEX,Y2573F102,0000866374,3672,334412
063185,01,000208,2000-12-18,2021-12-20,Nasdaq 100,LGCAP,I0028,,,EXCHG,CHECK POINT SOFTWARE TECHN,CHKP,M22465104,0001015922,7372,513210
120774,01,000208,2001-02-13,2003-12-21,Nasdaq 100,LGCAP,I0028,,,EXCHG,BROCADE COMMUNICATIONS SYS,BRCD,111621306,0001009626,3576,334118
014623,01,000208,2001-03-13,2005-12-20,Nasdaq 100,LGCAP,I0028,,,EXCHG,NOVELLUS SYSTEMS INC,NVLS.1,670008101,0000836106,3559,333295
117768,01,000208,2001-05-31,2004-12-19,Nasdaq 100,LGCAP,I0028,,,EXCHG,NVIDIA CORP,NVDA,67066G104,0001045810,3674,334413
063051,01,000208,2001-10-04,2002-12-22,Nasdaq 100,LGCAP,I0028,,,EXCHG,ANDRX CORP,ADRX,034553107,0001123337,5122,424210
024856,01,000208,2001-10-05,,Nasdaq 100,LGCAP,I0028,,,EXCHG,GILEAD SCIENCES INC,GILD,375558103,0000882095,2836,325414
031122,01,000208,2001-12-17,2012-12-27,Nasdaq 100,LGCAP,I0028,,,EXCHG,APOLLO EDUCATION GROUP INC,APOL,037604105,0000929887,8200,611310
006003,01,000208,2001-12-24,2002-12-22,Nasdaq 100,LGCAP,I0028,,,EXCHG,INTEGRATED DEVICE TECH INC,IDTI,458118106,0000703361,3674,334413
024473,01,000208,2001-12-24,2002-12-22,Nasdaq 100,LGCAP,I0028,,,EXCHG,SEPRACOR INC,SEPR,817315104,0000877357,2834,325412
024699,01,000208,2001-12-24,2002-12-22,Nasdaq 100,LGCAP,I0028,,,EXCHG,IMCLONE SYSTEMS INC,IMCL.1,45245W109,0000765258,2836,325414
024878,01,000208,2001-12-24,2002-12-22,Nasdaq 100,LGCAP,I0028,,,EXCHG,PDL BIOPHARMA INC,PDLI,69329Y104,0000882104,2836,325414
062336,01,000208,2001-12-24,2002-12-22,Nasdaq 100,LGCAP,I0028,,,EXCHG,CYTYC CORP,CYTC,232946103,0000849778,3826,334516
126136,01,000208,2001-12-24,2002-12-22,Nasdaq 100,LGCAP,I0028,,,EXCHG,CHARTER COMMUNICATIONS INC,CHTR,16117M107,0001091667,4841,515210
024110,01,000208,2001-12-24,2003-12-21,Nasdaq 100,LGCAP,I0028,,,EXCHG,ICOS CORP,ICOS,449295104,0000874294,2834,325412
023945,01,000208,2001-12-24,2004-12-19,Nasdaq 100,LGCAP,I0028,,,EXCHG,CEPHALON INC,CEPH,156708109,0000873364,2834,325412
024975,01,000208,2001-12-24,2005-12-20,Nasdaq 100,LGCAP,I0028,,,EXCHG,SYNOPSYS INC,SNPS,871607107,0000883241,7372,511210
118577,01,000208,2001-12-24,2005-12-20,Nasdaq 100,LGCAP,I0028,,,EXCHG,LIFE TECHNOLOGIES CORP,LIFE.3,53217V109,0001073431,2836,325414
028320,01,000208,2001-12-24,2007-10-09,Nasdaq 100,LGCAP,I0028,,,EXCHG,CDW CORP,CDW,12512N105,0001402057,5045,423430
025356,01,000208,2001-12-24,2018-12-28,Nasdaq 100,LGCAP,I0028,,,EXCHG,EXPRESS SCRIPTS HOLDING CO,ESRX,30219G108,0001532063,5912,446110
015855,01,000208,2001-12-24,2019-12-23,Nasdaq 100,LGCAP,I0028,,,EXCHG,GEN DIGITAL INC,GEN,668771108,0000849399,7372,513210
031587,01,000208,2002-06-03,2005-12-20,Nasdaq 100,LGCAP,I0028,,,EXCHG,DOLLAR TREE INC,DLTR,256746108,0000935703,5331,455219
009699,01,000208,2002-07-15,2015-08-04,Nasdaq 100,LGCAP,I0028,,,EXCHG,SIGMA-ALDRICH CORP,SIAL,826552101,0000090185,2833,325411
025062,01,000208,2002-07-24,2006-12-19,Nasdaq 100,LGCAP,I0028,,,EXCHG,LINCARE HOLDINGS INC,LNCR,532791100,0000882235,8090,621999
014538,90,000208,2002-11-07,2012-05-29,Nasdaq 100,LGCAP,I0028,,,EXCHG,TEVA PHARMACEUTICALS,TEVA,881624209,0000818686,2834,325412
003226,01,000208,2002-11-19,,Nasdaq 100,LGCAP,I0028,,,EXCHG,COMCAST CORP,CMCSA,20030N101,0001166691,4841,516210
025880,01,000208,2002-12-16,2010-12-19,Nasdaq 100,LGCAP,I0028,,,EXCHG,PATTERSON COS INC,PDCO,703395103,0000891024,5047,423450
014225,01,000208,2002-12-23,,Nasdaq 100,LGCAP,I0028,,,EXCHG,FASTENAL CO,FAST,311900104,0000815556,5000,423
005116,01,000208,2002-12-23,2004-12-19,Nasdaq 100,LGCAP,I0028,,,EXCHG,GENTEX CORP,GNTX,371901109,0000355811,3714,336390
013397,01,000208,2002-12-23,2004-12-19,Nasdaq 100,LGCAP,I0028,,,EXCHG,FIRST HEALTH GROUP CORP,FHCC,320960107,0000812910,6411,524292
029108,01,000208,2002-12-23,2004-12-19,Nasdaq 100,LGCAP,I0028,,,EXCHG,PATTERSON-UTI ENERGY INC,PTEN,703481101,0000889900,1381,213111
061494,01,000208,2002-12-23,2004-12-19,Nasdaq 100,LGCAP,I0028,,,EXCHG,HENRY SCHEIN INC,HSIC,806407102,0001000228,5047,423450
064835,90,000208,2002-12-23,2004-12-19,Nasdaq 100,LGCAP,I0028,,,EXCHG,RYANAIR HOLDINGS PLC,RYAAY,783513203,0001038683,4512,481111
061627,01,000208,2002-12-23,2006-05-16,Nasdaq 100,LGCAP,I0028,,,EXCHG,PIXAR,PIXR,725811103,0001002114,7812,512110
014565,01,000208,2002-12-23,2007-02-13,Nasdaq 100,LGCAP,I0028,,,EXCHG,AMERICAN POWER CONVERSION CP,APCC.,029066107,0000835910,3620,335999
009248,01,000208,2002-12-23,2007-12-27,Nasdaq 100,LGCAP,I0028,,,EXCHG,ROSS STORES INC,ROST,778296103,0000745732,5651,458110
024893,01,000208,2002-12-23,2008-12-29,Nasdaq 100,LGCAP,I0028,,,EXCHG,WHOLE FOODS MARKET INC,WFM,966837106,0000865436,5411,445110
028648,01,000208,2002-12-23,2008-12-29,Nasdaq 100,LGCAP,I0028,,,EXCHG,PETSMART INC,PETM,716768106,0000863157,5990,453910
063422,01,000208,2002-12-23,2008-12-29,Nasdaq 100,LGCAP,I0028,,,EXCHG,LAMAR ADVERTISING CO  -CL A,LAMR,512816109,0001090425,6798,531190
013700,01,000208,2002-12-23,2013-12-29,Nasdaq 100,LGCAP,I0028,,,EXCHG,DENTSPLY SIRONA INC,XRAY,24906P109,0000818479,3843,339114
004494,01,000208,2002-12-23,2015-12-20,Nasdaq 100,LGCAP,I0028,,,EXCHG,EXPEDITORS INTL WASH INC,EXPD,302130109,0000746515,4731,488510
065609,01,000208,2002-12-23,2015-12-20,Nasdaq 100,LGCAP,I0028,,,EXCHG,C H ROBINSON WORLDWIDE INC,CHRW,12541W209,0001043277,4213,484121
061513,01,000208,2003-11-13,2008-12-29,Nasdaq 100,LGCAP,I0028,,,EXCHG,SANDISK CORP,SNDK,80004C101,0001000180,3572,334112
013440,03,000208,2003-12-22,2005-12-20,Nasdaq 100,LGCAP,I0028,,,EXCHG,LEVEL 3 COMMUNICATIONS INC,LVLT,52729N308,0000794323,4813,517110
066379,01,000208,2003-12-22,2005-12-20,Nasdaq 100,LGCAP,I0028,,,EXCHG,PERDOCEO EDUCATION CORP,PRDO,71363P106,0001046568,8200,611310
130762,01,000208,2003-12-22,2005-12-20,Nasdaq 100,LGCAP,I0028,,,EXCHG,INTERSIL CORP  -CL A,ISIL,46069S109,0001096325,3674,334413
029322,01,000208,2003-12-22,2006-10-22,Nasdaq 100,LGCAP,I0028,,,EXCHG,ATI TECHNOLOGIES INC,ATYT,001941103,0001065331,3674,334413
006565,01,000208,2003-12-22,2012-12-27,Nasdaq 100,LGCAP,I0028,,,EXCHG,LAM RESEARCH CORP,LRCX,512807108,0000707549,3559,333242
065986,01,000208,2003-12-22,2012-12-27,Nasdaq 100,LGCAP,I0028,,,EXCHG,BLACKBERRY LTD,BB,09228F103,0001070235,7372,513210
137310,01,000208,2003-12-22,2012-12-27,Nasdaq 100,LGCAP,I0028,,,EXCHG,MARVELL TECHNOLOGY INC,MRVL,573874104,0001835632,3674,334413
141459,01,000208,2003-12-22,2015-12-20,Nasdaq 100,LGCAP,I0028,,,EXCHG,GARMIN LTD,GRMN,H2906T109,0001121788,3812,334511
006307,03,000208,2004-08-19,2013-12-29,Nasdaq 100,LGCAP,I0028,,,EXCHG,SEARS HOLDINGS CORP,SHLDQ,812350106,0001310067,5311,452111
001878,01,000208,2004-12-20,,Nasdaq 100,LGCAP,I0028,,,EXCHG,AUTODESK INC,ADSK,052769106,0000769397,7370,519130
001164,10,000208,2004-12-20,2006-01-10,Nasdaq 100,LGCAP,I0028,,,EXCHG,MCI INC,MCIP,552691107,0000723527,4813,517110
004439,90,000208,2004-12-20,2007-12-27,Nasdaq 100,LGCAP,I0028,,,EXCHG,TELEFONAKTIEBOLAGET LM ERICS,ERIC,294821608,0000717826,3663,334220
124442,01,000208,2004-12-20,2007-12-27,Nasdaq 100,LGCAP,I0028,,,EXCHG,XM SATELLITE RADIO HLDGS INC,XMSR,983759101,0001091530,4832,515112
030662,01,000208,2004-12-20,2008-12-29,Nasdaq 100,LGCAP,I0028,,,EXCHG,SIRIUS XM HOLDINGS INC,SIRI,82968B103,0000908937,4832,516110
153668,01,000208,2004-12-20,2008-12-29,Nasdaq 100,LGCAP,I0028,,,EXCHG,VIRGIN MEDIA INC,VMED,92769L101,0001270400,4841,515210
160549,01,000208,2004-12-20,2009-12-21,Nasdaq 100,LGCAP,I0028,,,EXCHG,LIBERTY GLOBAL LTD,LBTYK,G61188101,0001570585,4841,517111
149318,01,000208,2004-12-20,2015-12-20,Nasdaq 100,LGCAP,I0028,,,EXCHG,WYNN RESORTS LTD,WYNN,983134107,0001174922,7990,721120
111864,01,000208,2004-12-29,,Nasdaq 100,LGCAP,I0028,,,EXCHG,COGNIZANT TECH SOLUTIONS,CTSH,192446102,0001058290,7370,541512
013599,01,000208,2005-07-06,2019-11-20,Nasdaq 100,LGCAP,I0028,,,EXCHG,CELGENE CORP,CELG,151020104,0000816284,2834,325412
024473,01,000208,2005-08-15,2007-12-27,Nasdaq 100,LGCAP,I0028,,,EXCHG,SEPRACOR INC,SEPR,817315104,0000877357,2834,325412
117768,01,000208,2005-12-21,,Nasdaq 100,LGCAP,I0028,,,EXCHG,NVIDIA CORP,NVDA,67066G104,0001045810,3674,334413
160329,01,000208,2005-12-21,,Nasdaq 100,LGCAP,I0028,,,EXCHG,ALPHABET INC,GOOGL,02079K305,0001652044,7370,518210
122841,01,000208,2005-12-21,2006-12-11,Nasdaq 100,LGCAP,I0028,,,EXCHG,RED HAT INC,RHT,756577102,0001087423,7372,511210
029150,01,000208,2005-12-21,2006-12-19,Nasdaq 100,LGCAP,I0028,,,EXCHG,URBAN OUTFITTERS INC,URBN,917047102,0000912615,5651,458110
061355,01,000208,2005-12-21,2007-12-04,Nasdaq 100,LGCAP,I0028,,,EXCHG,CHECKFREE CORP,CKFR,162813109,0000949341,7389,561990
029108,01,000208,2005-12-21,2007-12-27,Nasdaq 100,LGCAP,I0028,,,EXCHG,PATTERSON-UTI ENERGY INC,PTEN,703481101,0000889900,1381,213111
001111,02,000208,2005-12-21,2008-07-09,Nasdaq 100,LGCAP,I0028,,,EXCHG,ACTIVISION INC,ATVI.1,004930202,,7372,511210
064156,01,000208,2005-12-21,2008-11-11,Nasdaq 100,LGCAP,I0028,,,EXCHG,MONSTER WORLDWIDE INC,MWW,611742107,0001020416,7370,519130
013421,01,000208,2005-12-21,2008-12-29,Nasdaq 100,LGCAP,I0028,,,EXCHG,CADENCE DESIGN SYSTEMS INC,CDNS,127387108,0000813672,7372,513210
164296,01,000208,2005-12-21,2008-12-29,Nasdaq 100,LGCAP,I0028,,,EXCHG,WARNER BROS DISCOVERY INC,WBD,934423104,0001437107,4841,516210
140902,02,000208,2005-12-21,2011-12-20,Nasdaq 100,LGCAP,I0028,,,EXCHG,NII HOLDINGS INC,NIHD,62913F201,0001037016,4812,517312
126296,02,000208,2005-12-21,2014-12-21,Nasdaq 100,LGCAP,I0028,,,EXCHG,EXPEDIA GROUP INC,EXPE,30212P303,0001324424,4700,561510
013003,02,000208,2006-01-04,2011-12-06,Nasdaq 100,LGCAP,I0028,,,EXCHG,JOY GLOBAL INC,JOY,481165108,0000801898,3532,333131
024843,01,000208,2006-01-11,2008-12-29,Nasdaq 100,LGCAP,I0028,,,EXCHG,AMYLIN PHARMACEUTICALS INC,AMLN,032346108,0000881464,2834,325412
136725,01,000208,2006-02-08,,Nasdaq 100,LGCAP,I0028,,,EXCHG,INTUITIVE SURGICAL INC,ISRG,46120E602,0001035267,3845,334510
125595,01,000208,2006-04-21,2009-12-21,Nasdaq 100,LGCAP,I0028,,,EXCHG,AKAMAI TECHNOLOGIES INC,AKAM,00971T101,0001086222,7370,519290
030024,01,000208,2006-05-17,2011-05-26,Nasdaq 100,LGCAP,I0028,,,EXCHG,MILLICOM INTL CELLULAR SA,TIGO,L6388F110,0000912958,4812,517112
174147,01,000208,2006-10-23,2018-12-28,Nasdaq 100,LGCAP,I0028,,,EXCHG,QURATE RETAIL INC,QRTEA,74915M100,0001355096,5961,449110
030059,01,000208,2006-12-12,2007-03-07,Nasdaq 100,LGCAP,I0028,,,EXCHG,AMERN EAGLE OUTFITTERS INC,AEO,02553E106,0000919012,5600,4481
024344,01,000208,2006-12-20,,Nasdaq 100,LGCAP,I0028,,,EXCHG,VERTEX PHARMACEUTICALS INC,VRTX,92532F100,0000875320,2834,325412
013440,03,000208,2006-12-20,2008-12-29,Nasdaq 100,LGCAP,I0028,,,EXCHG,LEVEL 3 COMMUNICATIONS INC,LVLT,52729N308,0000794323,4813,517110
211009,90,000208,2006-12-20,2012-12-11,Nasdaq 100,LGCAP,I0028,,,EXCHG,INFOSYS LTD,INFY,456788108,0001067491,7371,541511
102696,02,000208,2007-02-06,2010-12-19,Nasdaq 100,LGCAP,I0028,,,EXCHG,LOGITECH INTERNATIONAL SA,LOGI,H50430232,0001032975,3577,334118
064835,90,000208,2007-02-14,2009-12-21,Nasdaq 100,LGCAP,I0028,,,EXCHG,RYANAIR HOLDINGS PLC,RYAAY,783513203,0001038683,4512,481111
010795,04,000208,2007-03-08,2008-07-22,Nasdaq 100,LGCAP,I0028,,,EXCHG,UNITED AIRLINES HOLDINGS INC,UAL,910047109,0000100517,4512,481111
023945,01,000208,2007-06-05,2011-07-19,Nasdaq 100,LGCAP,I0028,,,EXCHG,CEPHALON INC,CEPH,156708109,0000873364,2834,325412
004864,01,000208,2007-07-18,2010-12-19,Nasdaq 100,LGCAP,I0028,,,EXCHG,FOSTER WHEELER AG,FWLT,H27178104,0001130385,1600,2371
061494,01,000208,2007-10-03,2019-12-23,Nasdaq 100,LGCAP,I0028,,,EXCHG,HENRY SCHEIN INC,HSIC,806407102,0001000228,5047,423450
114484,04,000208,2007-10-10,2008-12-29,Nasdaq 100,LGCAP,I0028,,,EXCHG,LEAP WIRELESS INTL INC,LEAP.5,521863308,0001065049,4812,517210
164532,90,000208,2007-12-05,2022-12-19,Nasdaq 100,LGCAP,I0028,,,EXCHG,BAIDU INC,BIDU,056752108,0001329099,7370,519130
164283,90,000208,2007-12-28,2009-01-20,Nasdaq 100,LGCAP,I0028,,,EXCHG,FOCUS MEDIA HOLDING LTD,FMCN,34415V109,0001330017,7310,541890
024316,01,000208,2007-12-28,2009-12-21,Nasdaq 100,LGCAP,I0028,,,EXCHG,MONSTER BEVERAGE CORP,MNST,61174X109,0000865752,2086,312111
064030,01,000208,2007-12-28,2009-12-21,Nasdaq 100,LGCAP,I0028,,,EXCHG,STEEL DYNAMICS INC,STLD,858119100,0001022671,3312,331110
020904,01,000208,2007-12-28,2010-12-19,Nasdaq 100,LGCAP,I0028,,,EXCHG,HOLOGIC INC,HOLX,436440101,0000859737,3844,334517
063527,01,000208,2007-12-28,2016-12-18,Nasdaq 100,LGCAP,I0028,,,EXCHG,STERICYCLE INC,SRCL,858912108,0000861878,4955,562211
012206,01,000208,2008-05-07,2015-07-27,Nasdaq 100,LGCAP,I0028,,,EXCHG,DIRECTV,DTV.2,25490A309,0001465112,4841,515210
003310,01,000208,2008-05-20,2018-11-06,Nasdaq 100,LGCAP,I0028,,,EXCHG,CA INC,CA.1,12673P105,0000356028,7372,511210
180405,01,000208,2008-07-10,2023-07-16,Nasdaq 100,LGCAP,I0028,,,EXCHG,ACTIVISION BLIZZARD INC,ATVI,00507V109,0000718877,7372,511210
028477,01,000208,2008-07-23,2011-12-20,Nasdaq 100,LGCAP,I0028,,,EXCHG,FLIR SYSTEMS INC,FLIR,302445101,0000354908,3812,334511
150937,01,000208,2008-11-12,2018-12-28,Nasdaq 100,LGCAP,I0028,,,EXCHG,SEAGATE TECHNOLOGY HOLDINGS,STX,G7997R103,0001137789,3572,334112
001891,01,000208,2008-12-30,,Nasdaq 100,LGCAP,I0028,,,EXCHG,AUTOMATIC DATA PROCESSING,ADP,053015103,0000008670,7374,518210
009248,01,000208,2008-12-30,,Nasdaq 100,LGCAP,I0028,,,EXCHG,ROSS STORES INC,ROST,778296103,0000745732,5651,458110
028180,01,000208,2008-12-30,,Nasdaq 100,LGCAP,I0028,,,EXCHG,O'REILLY AUTOMOTIVE INC,ORLY,67103H107,0000898173,5531,441330
061871,01,000208,2008-12-30,2009-12-21,Nasdaq 100,LGCAP,I0028,,,EXCHG,PHARMACEUTICAL PROD DEV INC,PPDI,717124101,0001003124,8731,541711
005783,01,000208,2008-12-30,2010-12-19,Nasdaq 100,LGCAP,I0028,,,EXCHG,HUNT (JB) TRANSPRT SVCS INC,JBHT,445658107,0000728535,4213,484121
029150,01,000208,2008-12-30,2011-12-20,Nasdaq 100,LGCAP,I0028,,,EXCHG,URBAN OUTFITTERS INC,URBN,917047102,0000912615,5651,458110
138205,01,000208,2008-12-30,2011-12-20,Nasdaq 100,LGCAP,I0028,,,EXCHG,ILLUMINA INC,ILMN,452327109,0001110803,3826,334516
175404,01,000208,2008-12-30,2012-04-22,Nasdaq 100,LGCAP,I0028,,,EXCHG,FIRST SOLAR INC,FSLR,336433107,0001274494,3674,334413
175163,01,000208,2008-12-30,2012-12-27,Nasdaq 100,LGCAP,I0028,,,EXCHG,WARNER CHILCOTT PLC,WCRX,G94368100,0001323854,2834,325412
118577,01,000208,2008-12-30,2013-08-28,Nasdaq 100,LGCAP,I0028,,,EXCHG,LIFE TECHNOLOGIES CORP,LIFE.3,53217V109,0001073431,2836,325414
014256,01,000208,2008-12-30,2014-12-21,Nasdaq 100,LGCAP,I0028,,,EXCHG,MAXIM INTEGRATED PRODUCTS,MXIM,57772K101,0000743316,3674,334413
012886,04,000208,2009-01-21,2019-03-19,Nasdaq 100,LGCAP,I0028,,,EXCHG,TWENTY-FIRST CENTURY FOX INC,TFCFA,90130A309,0001308161,4888,515210
012850,01,000208,2009-07-17,2021-12-20,Nasdaq 100,LGCAP,I0028,,,EXCHG,CERNER CORP,CERN,156782104,0000804753,7373,541512
119314,01,000208,2009-10-29,,Nasdaq 100,LGCAP,I0028,,,EXCHG,BOOKING HOLDINGS INC,BKNG,09857L108,0001075531,4700,561510
063186,01,000208,2009-12-22,2011-12-20,Nasdaq 100,LGCAP,I0028,,,EXCHG,QIAGEN NV,QGEN,N72482149,0001015820,3826,334516
153668,01,000208,2009-12-22,2013-06-04,Nasdaq 100,LGCAP,I0028,,,EXCHG,VIRGIN MEDIA INC,VMED,92769L101,0001270400,4841,515210
014650,01,000208,2009-12-22,2013-07-29,Nasdaq 100,LGCAP,I0028,,,EXCHG,BMC SOFTWARE INC,BMC,055921100,0000835729,7372,511210
061513,01,000208,2009-12-22,2016-03-15,Nasdaq 100,LGCAP,I0028,,,EXCHG,SANDISK CORP,SNDK,80004C101,0001000180,3572,334112
007116,01,000208,2009-12-22,2017-10-27,Nasdaq 100,LGCAP,I0028,,,EXCHG,MATTEL INC,MAT,577081102,0000063276,3942,339930
014894,90,000208,2009-12-22,2018-12-28,Nasdaq 100,LGCAP,I0028,,,EXCHG,VODAFONE GROUP PUBLIC LTD,VOD,92857W308,0000839923,4812,517112
007637,01,000208,2009-12-22,2019-12-23,Nasdaq 100,LGCAP,I0028,,,EXCHG,VIATRIS INC,VTRS,92556V106,0001792044,2834,325412
007343,01,000208,2010-12-20,,Nasdaq 100,LGCAP,I0028,,,EXCHG,MICRON TECHNOLOGY INC,MU,595112103,0000723125,3674,334413
031587,01,000208,2010-12-20,,Nasdaq 100,LGCAP,I0028,,,EXCHG,DOLLAR TREE INC,DLTR,256746108,0000935703,5331,455219
157413,90,000208,2010-12-20,2012-07-23,Nasdaq 100,LGCAP,I0028,,,EXCHG,TRIP COM GROUP LTD,TCOM,89677Q107,0001269238,4700,561510
147579,01,000208,2010-12-20,2012-12-27,Nasdaq 100,LGCAP,I0028,,,EXCHG,NETFLIX INC,NFLX,64110L106,0001065280,7841,516210
121077,01,000208,2010-12-20,2014-12-21,Nasdaq 100,LGCAP,I0028,,,EXCHG,F5 INC,FFIV,315616102,0001048695,7373,541512
024893,01,000208,2010-12-20,2016-12-18,Nasdaq 100,LGCAP,I0028,,,EXCHG,WHOLE FOODS MARKET INC,WFM,966837106,0000865436,5411,445110
125595,01,000208,2010-12-20,2017-12-17,Nasdaq 100,LGCAP,I0028,,,EXCHG,AKAMAI TECHNOLOGIES INC,AKAM,00971T101,0001086222,7370,519290
062263,01,000208,2011-04-04,2021-07-21,Nasdaq 100,LGCAP,I0028,,,EXCHG,ALEXION PHARMACEUTICALS INC,ALXN,015351109,0000899866,2836,325414
028877,01,000208,2011-05-27,2012-12-27,Nasdaq 100,LGCAP,I0028,,,EXCHG,KEURIG DR PEPPER INC,KDP,49271M100,0001418135,2080,311930
030662,01,000208,2011-07-20,,Nasdaq 100,LGCAP,I0028,,,EXCHG,SIRIUS XM HOLDINGS INC,SIRI,82968B103,0000908937,4832,516110
024782,01,000208,2011-12-07,2013-06-05,Nasdaq 100,LGCAP,I0028,,,EXCHG,PERRIGO CO PLC,PRGO,G97822103,0001585364,2834,325412
024316,01,000208,2011-12-19,,Nasdaq 100,LGCAP,I0028,,,EXCHG,MONSTER BEVERAGE CORP,MNST,61174X109,0000865752,2086,312111
180711,01,000208,2011-12-19,,Nasdaq 100,LGCAP,I0028,,,EXCHG,BROADCOM INC,AVGO,11135F101,0001730168,3674,334413
205692,92,000208,2011-12-19,2013-11-19,Nasdaq 100,LGCAP,I0028,,,EXCHG,RANDGOLD RESOURCES LTD,GOLD.3,752344309,0001175580,1040,212221
028118,01,000208,2011-12-19,2013-12-22,Nasdaq 100,LGCAP,I0028,,,EXCHG,FOSSIL GROUP INC,FOSL,34988V106,0000883569,3873,334519
061685,01,000208,2011-12-19,2013-12-22,Nasdaq 100,LGCAP,I0028,,,EXCHG,NUANCE COMMUNICATIONS INC,NUAN,67020Y100,0001002517,7372,511210
010499,01,000208,2012-04-23,,Nasdaq 100,LGCAP,I0028,,,EXCHG,TEXAS INSTRUMENTS INC,TXN,882508104,0000097476,3674,334413
165675,01,000208,2012-05-30,2017-12-17,Nasdaq 100,LGCAP,I0028,,,EXCHG,VIACOM INC,VIAB,92553P201,0001339947,4833,515120
142953,01,000208,2012-07-24,,Nasdaq 100,LGCAP,I0028,,,EXCHG,MONDELEZ INTERNATIONAL INC,MDLZ,609207105,0001103982,2052,311821
170617,01,000208,2012-12-12,,Nasdaq 100,LGCAP,I0028,,,EXCHG,META PLATFORMS INC,META,30303M102,0001326801,7370,519290
001632,01,000208,2012-12-24,,Nasdaq 100,LGCAP,I0028,,,EXCHG,ANALOG DEVICES INC,ADI,032654105,0000006281,3674,334413
023812,01,000208,2012-12-24,,Nasdaq 100,LGCAP,I0028,,,EXCHG,REGENERON PHARMACEUTICALS,REGN,75886F107,0000872589,2834,325412
180652,01,000208,2012-12-24,,Nasdaq 100,LGCAP,I0028,,,EXCHG,VERISK ANALYTICS INC,VRSK,92345Y106,0001442145,8742,541611
032280,01,000208,2012-12-24,2013-03-17,Nasdaq 100,LGCAP,I0028,,,EXCHG,STARZ,STRZA,85571Q102,0001507934,4833,515120
138743,01,000208,2012-12-24,2015-03-22,Nasdaq 100,LGCAP,I0028,,,EXCHG,EQUINIX INC,EQIX,29444U700,0001101239,6798,531190
031616,01,000208,2012-12-24,2015-07-26,Nasdaq 100,LGCAP,I0028,,,EXCHG,CATAMARAN CORP,CTRX,148887102,0001363851,7372,511210
121382,01,000208,2012-12-24,2017-03-27,Nasdaq 100,LGCAP,I0028,,,EXCHG,SBA COMMUNICATIONS CORP,SBAC,78410G104,0001034054,6798,531190
164296,01,000208,2012-12-24,2017-12-15,Nasdaq 100,LGCAP,I0028,,,EXCHG,WARNER BROS DISCOVERY INC,WBD,934423104,0001437107,4841,516210
011399,01,000208,2012-12-24,2020-10-16,Nasdaq 100,LGCAP,I0028,,,EXCHG,WESTERN DIGITAL CORP,WDC,958102105,0000106040,3572,334112
160549,01,000208,2012-12-24,2020-12-18,Nasdaq 100,LGCAP,I0028,,,EXCHG,LIBERTY GLOBAL LTD,LBTYK,G61188101,0001570585,4841,517111
012978,01,000208,2013-03-20,2015-07-02,Nasdaq 100,LGCAP,I0028,,,EXCHG,KRAFT FOODS GROUP INC,KRFT,50076Q106,0001545158,2000,311
017010,01,000208,2013-06-05,2016-04-17,Nasdaq 100,LGCAP,I0028,,,EXCHG,LIBERTY MEDIA SIRIUSXM GROUP,LSXMK,531229813,,4832,516110
147579,01,000208,2013-06-06,,Nasdaq 100,LGCAP,I0028,,,EXCHG,NETFLIX INC,NFLX,64110L106,0001065280,7841,516210
184996,01,000208,2013-07-15,,Nasdaq 100,LGCAP,I0028,,,EXCHG,TESLA INC,TSLA,88160R101,0001318605,3711,336111
126136,03,000208,2013-07-30,,Nasdaq 100,LGCAP,I0028,,,EXCHG,CHARTER COMMUNICATIONS INC,CHTR,16119P108,0001091667,4841,515210
028877,01,000208,2013-08-29,2015-12-20,Nasdaq 100,LGCAP,I0028,,,EXCHG,KEURIG DR PEPPER INC,KDP,49271M100,0001418135,2080,311930
063987,93,000208,2013-10-30,2015-12-20,Nasdaq 100,LGCAP,I0028,,,EXCHG,VEON LTD,VEON,91822M502,0001468091,4812,517112
028930,02,000208,2013-11-20,,Nasdaq 100,LGCAP,I0028,,,EXCHG,MARRIOTT INTL INC,MAR,571903202,0001048286,7011,721110
138205,01,000208,2013-12-23,,Nasdaq 100,LGCAP,I0028,,,EXCHG,ILLUMINA INC,ILMN,452327109,0001110803,3826,334516
184725,01,000208,2013-12-23,2017-02-21,Nasdaq 100,LGCAP,I0028,,,EXCHG,NXP SEMICONDUCTORS NV,NXPI,N6596X109,0001413447,3674,334413
199356,01,000208,2013-12-23,2017-05-03,Nasdaq 100,LGCAP,I0028,,,EXCHG,TRIPADVISOR INC,TRIP,896945201,0001526520,7370,519290
029736,01,000208,2013-12-23,2017-12-15,Nasdaq 100,LGCAP,I0028,,,EXCHG,TRACTOR SUPPLY CO,TSCO,892356106,0000916365,5200,459999
060900,01,000208,2013-12-23,2018-07-20,Nasdaq 100,LGCAP,I0028,,,EXCHG,DISH NETWORK CORP,DISH,25470M109,0001001082,4841,516210
160329,03,000208,2014-04-03,,Nasdaq 100,LGCAP,I0028,,,EXCHG,ALPHABET INC,GOOGL,02079K107,0001652044,7370,518210
017010,03,000208,2014-07-30,2016-04-17,Nasdaq 100,LGCAP,I0028,,,EXCHG,LIBERTY MEDIA SIRIUSXM GROUP,LSXMK,531229789,,4832,516110
013664,01,000208,2014-10-15,2018-03-11,Nasdaq 100,LGCAP,I0028,,,EXCHG,GCI LIBERTY INC,GLIBA,36164V305,0000808461,4812,517312
006565,01,000208,2014-12-22,,Nasdaq 100,LGCAP,I0028,,,EXCHG,LAM RESEARCH CORP,LRCX,512807108,0000707549,3559,333242
016721,01,000208,2014-12-22,,Nasdaq 100,LGCAP,I0028,,,EXCHG,ELECTRONIC ARTS INC,EA,285512109,0000712515,7372,513210
003226,02,000208,2014-12-22,2015-12-11,Nasdaq 100,LGCAP,I0028,,,EXCHG,COMCAST CORP,CMCSA,20030N200,0001166691,4841,516210
012886,01,000208,2014-12-22,2019-03-19,Nasdaq 100,LGCAP,I0028,,,EXCHG,TWENTY-FIRST CENTURY FOX INC,TFCFA,90130A408,0001308161,4888,515210
001045,04,000208,2014-12-22,2020-04-20,Nasdaq 100,LGCAP,I0028,,,EXCHG,AMERICAN AIRLINES GROUP INC,AAL,02376R102,0000006201,4512,481111
011264,01,000208,2015-03-23,,Nasdaq 100,LGCAP,I0028,,,EXCHG,WALGREENS BOOTS ALLIANCE INC,WBA,931427108,0001618921,5912,456110
024724,01,000208,2015-07-02,2015-12-20,Nasdaq 100,LGCAP,I0028,,,EXCHG,LIBERTY LATIN AMERICA LTD,LILAK,G9001E102,0001712184,4841,516210
024724,02,000208,2015-07-02,2015-12-20,Nasdaq 100,LGCAP,I0028,,,EXCHG,LIBERTY LATIN AMERICA LTD,LILAK,G9001E128,0001712184,4841,516210
005568,04,000208,2015-07-03,,Nasdaq 100,LGCAP,I0028,,,EXCHG,KRAFT HEINZ CO,KHC,500754106,0001637459,2030,31142
122257,01,000208,2015-07-28,2020-12-18,Nasdaq 100,LGCAP,I0028,,,EXCHG,BIOMARIN PHARMACEUTICAL INC,BMRN,09061G101,0001048477,2836,325414
019744,90,000208,2015-07-29,2023-12-17,Nasdaq 100,LGCAP,I0028,,,EXCHG,JD.COM INC,JD,47215P106,0001549802,5961,449210
001327,01,000208,2015-08-05,2022-12-19,Nasdaq 100,LGCAP,I0028,,,EXCHG,SKYWORKS SOLUTIONS INC,SWKS,83088M102,0000004127,3674,334413
029127,01,000208,2015-10-07,2021-12-20,Nasdaq 100,LGCAP,I0028,,,EXCHG,INCYTE CORP,INCY,45337C102,0000879169,2836,325414
024616,01,000208,2015-11-11,,Nasdaq 100,LGCAP,I0028,,,EXCHG,PAYPAL HOLDINGS INC,PYPL,70450Y103,0001633917,7389,522320
017874,01,000208,2015-12-21,,Nasdaq 100,LGCAP,I0028,,,EXCHG,T-MOBILE US INC,TMUS,872590104,0001283699,4812,517112
063645,01,000208,2015-12-21,2016-07-19,Nasdaq 100,LGCAP,I0028,,,EXCHG,ENDO INTERNATIONAL PLC,ENDPQ,G30401106,0001593034,2834,325412
104432,01,000208,2015-12-21,2017-12-17,Nasdaq 100,LGCAP,I0028,,,EXCHG,NORWEGIAN CRUISE LINE HLDGS,NCLH,G66721104,0001513761,4400,483112
126296,02,000208,2015-12-21,2020-12-18,Nasdaq 100,LGCAP,I0028,,,EXCHG,EXPEDIA GROUP INC,EXPE,30212P303,0001324424,4700,561510
178704,01,000208,2015-12-21,2020-12-18,Nasdaq 100,LGCAP,I0028,,,EXCHG,ULTA BEAUTY INC,ULTA,90384S303,0001403568,5990,456120
014256,01,000208,2015-12-21,2021-08-25,Nasdaq 100,LGCAP,I0028,,,EXCHG,MAXIM INTEGRATED PRODUCTS,MXIM,57772K101,0000743316,3674,334413
157413,90,000208,2015-12-21,2021-12-20,Nasdaq 100,LGCAP,I0028,,,EXCHG,TRIP COM GROUP LTD,TCOM,89677Q107,0001269238,4700,561510
002574,01,000208,2016-02-26,,Nasdaq 100,LGCAP,I0028,,,EXCHG,CSX CORP,CSX,126408103,0000277948,4011,482111
137435,90,000208,2016-03-16,2022-12-19,Nasdaq 100,LGCAP,I0028,,,EXCHG,NETEASE INC,NTES,64110W102,0001110646,7372,513210
027186,01,000208,2016-04-18,2016-06-21,Nasdaq 100,LGCAP,I0028,,,EXCHG,ATLANTA BRAVES HOLDINGS INC,BATRK,047726104,0001958140,7900,711211
027186,03,000208,2016-04-18,2016-06-21,Nasdaq 100,LGCAP,I0028,,,EXCHG,ATLANTA BRAVES HOLDINGS INC,BATRK,047726302,0001958140,7900,711211
027187,01,000208,2016-04-18,2016-06-21,Nasdaq 100,LGCAP,I0028,,,EXCHG,LIBERTY MEDIA FORMULA ONE,FWONK,531229771,,7948,711212
027187,03,000208,2016-04-18,2016-06-21,Nasdaq 100,LGCAP,I0028,,,EXCHG,LIBERTY MEDIA FORMULA ONE,FWONK,531229755,,7948,711212
013700,01,000208,2016-06-22,2018-11-29,Nasdaq 100,LGCAP,I0028,,,EXCHG,DENTSPLY SIRONA INC,XRAY,24906P109,0000818479,3843,339114
027965,01,000208,2016-07-20,,Nasdaq 100,LGCAP,I0028,,,EXCHG,MICROCHIP TECHNOLOGY INC,MCHP,595017104,0000827054,3674,334413
212340,90,000208,2016-10-19,2018-12-28,Nasdaq 100,LGCAP,I0028,,,EXCHG,SHIRE PLC,SHPG,82481R106,0000936402,2836,325414
003062,01,000208,2016-12-19,,Nasdaq 100,LGCAP,I0028,,,EXCHG,CINTAS CORP,CTAS,172908105,0000723254,7200,812331
006304,01,000208,2016-12-19,,Nasdaq 100,LGCAP,I0028,,,EXCHG,KLA CORP,KLAC,482480100,0000319201,3827,333314
024724,01,000208,2016-12-19,2018-01-02,Nasdaq 100,LGCAP,I0028,,,EXCHG,LIBERTY LATIN AMERICA LTD,LILAK,G9001E102,0001712184,4841,516210
024724,02,000208,2016-12-19,2018-01-02,Nasdaq 100,LGCAP,I0028,,,EXCHG,LIBERTY LATIN AMERICA LTD,LILAK,G9001E128,0001712184,4841,516210
020904,01,000208,2016-12-19,2018-12-28,Nasdaq 100,LGCAP,I0028,,,EXCHG,HOLOGIC INC,HOLX,436440101,0000859737,3844,334517
005518,01,000208,2016-12-19,2019-12-23,Nasdaq 100,LGCAP,I0028,,,EXCHG,HASBRO INC,HAS,418056107,0000046080,3944,339930
005783,01,000208,2017-02-08,2019-12-23,Nasdaq 100,LGCAP,I0028,,,EXCHG,HUNT (JB) TRANSPRT SVCS INC,JBHT,445658107,0000728535,4213,484121
024197,01,000208,2017-03-20,,Nasdaq 100,LGCAP,I0028,,,EXCHG,IDEXX LABS INC,IDXX,45168D104,0000874716,2835,325413
149318,01,000208,2017-04-27,2019-12-23,Nasdaq 100,LGCAP,I0028,,,EXCHG,WYNN RESORTS LTD,WYNN,983134107,0001174922,7990,721120
178081,01,000208,2017-06-19,,Nasdaq 100,LGCAP,I0028,,,EXCHG,MERCADOLIBRE INC,MELI,58733R102,0001099590,5960,455219
141384,01,000208,2017-10-30,2023-12-17,Nasdaq 100,LGCAP,I0028,,,EXCHG,ALIGN TECHNOLOGY INC,ALGN,016255101,0001097149,3843,339114
013421,01,000208,2017-12-18,,Nasdaq 100,LGCAP,I0028,,,EXCHG,CADENCE DESIGN SYSTEMS INC,CDNS,127387108,0000813672,7372,513210
015044,01,000208,2017-12-18,,Nasdaq 100,LGCAP,I0028,,,EXCHG,WORKDAY INC,WDAY,98138H101,0001327811,7370,518210
024975,01,000208,2017-12-18,,Nasdaq 100,LGCAP,I0028,,,EXCHG,SYNOPSYS INC,SNPS,871607107,0000883241,7372,511210
061214,90,000208,2017-12-18,,Nasdaq 100,LGCAP,I0028,,,EXCHG,ASML HOLDING NV,ASML,N07059210,0000937966,3559,333242
064630,01,000208,2017-12-18,2020-12-18,Nasdaq 100,LGCAP,I0028,,,EXCHG,TAKE-TWO INTERACTIVE SFTWR,TTWO,874054109,0000946581,7372,513210
008479,01,000208,2018-07-24,,Nasdaq 100,LGCAP,I0028,,,EXCHG,PEPSICO INC,PEP,713448108,0000077476,2080,31211
184725,01,000208,2018-11-07,,Nasdaq 100,LGCAP,I0028,,,EXCHG,NXP SEMICONDUCTORS NV,NXPI,N6596X109,0001413447,3674,334413
007977,01,000208,2018-11-29,,Nasdaq 100,LGCAP,I0028,,,EXCHG,XCEL ENERGY INC,XEL,98389B100,0000072903,4931,2211
001161,01,000208,2018-12-28,,Nasdaq 100,LGCAP,I0028,,,EXCHG,ADVANCED MICRO DEVICES,AMD,007903107,0000002488,3674,334413
178015,01,000208,2018-12-28,,Nasdaq 100,LGCAP,I0028,,,EXCHG,LULULEMON ATHLETICA INC,LULU,550021109,0001397187,2300,315
144009,01,000208,2018-12-28,2020-04-30,Nasdaq 100,LGCAP,I0028,,,EXCHG,WILLIS TOWERS WATSON PLC,WTW,G96629103,0001140536,6411,524210
010795,04,000208,2018-12-28,2020-06-22,Nasdaq 100,LGCAP,I0028,,,EXCHG,UNITED AIRLINES HOLDINGS INC,UAL,910047109,0000100517,4512,481111
061591,01,000208,2018-12-28,2020-08-21,Nasdaq 100,LGCAP,I0028,,,EXCHG,NETAPP INC,NTAP,64110D104,0001002047,3572,334112
066368,01,000208,2018-12-28,2022-12-19,Nasdaq 100,LGCAP,I0028,,,EXCHG,VERISIGN INC,VRSN,92343E102,0001014473,7370,519290
008539,01,000208,2019-11-21,,Nasdaq 100,LGCAP,I0028,,,EXCHG,EXELON CORP,EXC,30161N101,0001109357,4911,22111
029901,01,000208,2019-12-23,,Nasdaq 100,LGCAP,I0028,,,EXCHG,COPART INC,CPRT,217204106,0000900075,5010,425120
063080,01,000208,2019-12-23,,Nasdaq 100,LGCAP,I0028,,,EXCHG,ANSYS INC,ANSS,03662Q105,0001013462,7372,511210
112111,01,000208,2019-12-23,2020-07-20,Nasdaq 100,LGCAP,I0028,,,EXCHG,COSTAR GROUP INC,CSGP,22160N109,0001057352,7370,519290
028320,02,000208,2019-12-23,2021-12-20,Nasdaq 100,LGCAP,I0028,,,EXCHG,CDW CORP,CDW,12514G108,0001402057,5045,423430
170616,01,000208,2019-12-23,2022-12-19,Nasdaq 100,LGCAP,I0028,,,EXCHG,SPLUNK INC,SPLK,848637104,0001353283,7372,513210
141460,01,000208,2019-12-23,2023-12-17,Nasdaq 100,LGCAP,I0028,,,EXCHG,SEAGEN INC,SGEN,81181C104,0001060736,2836,325414
034636,01,000208,2020-03-19,2021-12-20,Nasdaq 100,LGCAP,I0028,,,EXCHG,FOX CORP,FOXA,35137L105,0001754301,4833,516120
034636,02,000208,2020-03-19,2021-12-20,Nasdaq 100,LGCAP,I0028,,,EXCHG,FOX CORP,FOXA,35137L204,0001754301,4833,516120
162887,01,000208,2020-04-20,,Nasdaq 100,LGCAP,I0028,,,EXCHG,DEXCOM INC,DXCM,252131107,0001093557,3845,334510
035005,01,000208,2020-04-30,2023-12-17,Nasdaq 100,LGCAP,I0028,,,EXCHG,ZOOM VIDEO COMUNICATIONS INC,ZM,98980L101,0001585521,7370,519290
033301,01,000208,2020-06-22,2022-12-19,Nasdaq 100,LGCAP,I0028,,,EXCHG,DOCUSIGN INC,DOCU,256163106,0001261333,7370,518210
034410,01,000208,2020-07-20,,Nasdaq 100,LGCAP,I0028,,,EXCHG,MODERNA INC,MRNA,60770K107,0001682852,2836,325414
033861,90,000208,2020-08-24,,Nasdaq 100,LGCAP,I0028,,,EXCHG,PDD HOLDINGS INC,PDD,722304102,0001737806,7370,519290
028877,02,000208,2020-10-19,,Nasdaq 100,LGCAP,I0028,,,EXCHG,KEURIG DR PEPPER INC,KDP,49271V100,0001418135,2080,311930
001440,01,000208,2020-12-21,,Nasdaq 100,LGCAP,I0028,,,EXCHG,AMERICAN ELECTRIC POWER CO,AEP,025537101,0000004904,4911,2211
026494,01,000208,2020-12-21,,Nasdaq 100,LGCAP,I0028,,,EXCHG,ATLASSIAN CORP,TEAM,049468101,0001650372,7370,519290
137310,01,000208,2020-12-21,,Nasdaq 100,LGCAP,I0028,,,EXCHG,MARVELL TECHNOLOGY INC,MRVL,573874104,0001835632,3674,334413
035627,01,000208,2020-12-21,2022-01-24,Nasdaq 100,LGCAP,I0028,,,EXCHG,PELOTON INTERACTIVE INC,PTON,70614W100,0001639825,3949,339920
030736,01,000208,2020-12-21,2022-11-18,Nasdaq 100,LGCAP,I0028,,,EXCHG,OKTA INC,OKTA,679295105,0001660134,7370,519290
026061,01,000208,2020-12-21,2022-12-19,Nasdaq 100,LGCAP,I0028,,,EXCHG,MATCH GROUP INC,MTCH,57667L107,0000891103,7370,519290
001300,01,000208,2021-07-21,,Nasdaq 100,LGCAP,I0028,,,EXCHG,HONEYWELL INTERNATIONAL INC,HON,438516106,0000773840,9997,336413
035182,01,000208,2021-08-26,,Nasdaq 100,LGCAP,I0028,,,EXCHG,CROWDSTRIKE HOLDINGS INC,CRWD,22788C105,0001535527,7370,518210
033037,01,000208,2021-12-20,,Nasdaq 100,LGCAP,I0028,,,EXCHG,ZSCALER INC,ZS,98980G102,0001713683,7370,518210
035620,01,000208,2021-12-20,,Nasdaq 100,LGCAP,I0028,,,EXCHG,DATADOG INC,DDOG,23804L103,0001561550,7370,518210
037460,01,000208,2021-12-20,,Nasdaq 100,LGCAP,I0028,,,EXCHG,AIRBNB INC,ABNB,009066101,0001559720,7000,721
171067,01,000208,2021-12-20,,Nasdaq 100,LGCAP,I0028,,,EXCHG,PALO ALTO NETWORKS INC,PANW,697435105,0001327567,7370,518210
183377,01,000208,2021-12-20,,Nasdaq 100,LGCAP,I0028,,,EXCHG,FORTINET INC,FTNT,34959E109,0001262039,7372,513210
039337,01,000208,2021-12-20,2023-12-17,Nasdaq 100,LGCAP,I0028,,,EXCHG,LUCID GROUP INC,LCID,549498103,0001811210,3711,336110
024617,01,000208,2022-01-24,,Nasdaq 100,LGCAP,I0028,,,EXCHG,OLD DOMINION FREIGHT,ODFL,679580100,0000878927,4213,484122
040614,01,000208,2022-02-02,,Nasdaq 100,LGCAP,I0028,,,EXCHG,CONSTELLATION ENE CORP,CEG,21037T109,0001868275,4911,22111
028272,90,000208,2022-02-22,,Nasdaq 100,LGCAP,I0028,,,EXCHG,ASTRAZENECA PLC,AZN,046353108,0000901832,2834,325412
187450,01,000208,2022-11-21,2023-12-17,Nasdaq 100,LGCAP,I0028,,,EXCHG,ENPHASE ENERGY INC,ENPH,29355A107,0001463101,3674,334413
032106,01,000208,2022-12-19,,Nasdaq 100,LGCAP,I0028,,,EXCHG,BAKER HUGHES CO,BKR,05722G100,0001701605,1389,213112
039822,01,000208,2022-12-19,,Nasdaq 100,LGCAP,I0028,,,EXCHG,GLOBALFOUNDRIES INC,GFS,G39387108,0001709048,3674,334413
112111,01,000208,2022-12-19,,Nasdaq 100,LGCAP,I0028,,,EXCHG,COSTAR GROUP INC,CSGP,22160N109,0001057352,7370,519290
164296,01,000208,2022-12-19,,Nasdaq 100,LGCAP,I0028,,,EXCHG,WARNER BROS DISCOVERY INC,WBD,934423104,0001437107,4841,516210
170750,01,000208,2022-12-19,,Nasdaq 100,LGCAP,I0028,,,EXCHG,DIAMONDBACK ENERGY INC,FANG,25278X109,0001539838,1311,2111
039811,01,000208,2022-12-19,2023-06-19,Nasdaq 100,LGCAP,I0028,,,EXCHG,RIVIAN AUTOMOTIVE INC,RIVN,76954A103,0001874178,3711,336110
041818,01,000208,2023-06-07,,Nasdaq 100,LGCAP,I0028,,,EXCHG,GE HEALTHCARE TECHNOLOGI INC,GEHC,36266G107,0001932393,3845,334510
134932,01,000208,2023-06-20,,Nasdaq 100,LGCAP,I0028,,,EXCHG,ON SEMICONDUCTOR CORP,ON,682189105,0001097864,3674,334413
027885,01,000208,2023-07-17,,Nasdaq 100,LGCAP,I0028,,,EXCHG,TRADE DESK INC,TTD,88339J105,0001671933,7370,519290
012756,01,000208,2023-12-18,,Nasdaq 100,LGCAP,I0028,,,EXCHG,COCA-COLA EUROPACIFIC PARTNE,CCEP,G25839104,0001650107,2086,312111
024925,01,000208,2023-12-18,,Nasdaq 100,LGCAP,I0028,,,EXCHG,ROPER TECHNOLOGIES INC,ROP,776696106,0000882835,7370,518210
028320,02,000208,2023-12-18,,Nasdaq 100,LGCAP,I0028,,,EXCHG,CDW CORP,CDW,12514G108,0001402057,5045,423430
032526,01,000208,2023-12-18,,Nasdaq 100,LGCAP,I0028,,,EXCHG,MONGODB INC,MDB,60937P106,0001441816,7370,518210
037420,01,000208,2023-12-18,,Nasdaq 100,LGCAP,I0028,,,EXCHG,DOORDASH INC,DASH,25809K105,0001792789,7370,519290
064630,01,000208,2023-12-18,,Nasdaq 100,LGCAP,I0028,,,EXCHG,TAKE-TWO INTERACTIVE SFTWR,TTWO,874054109,0000946581,7372,513210
170616,01,000208,2023-12-18,2024-03-15,Nasdaq 100,LGCAP,I0028,,,EXCHG,SPLUNK INC,SPLK,848637104,0001353283,7372,513210
025124,01,000208,2024-03-16,,Nasdaq 100,LGCAP,I0028,,,EXCHG,LINDE PLC,LIN,G54950103,0001707925,2810,325120
